Date,Category,Sub Category,Sub-Sub Category,Type,Description,Amount,Department,Checker
Nov 7,Owner's Pay,Capital,,Income,Turn Over Cash,"₱15,690.20",Store,"₱15,690.20"
Nov 8,Owner's Pay,Capital,,Income,From Bank,"₱41,000.00",Store,"₱56,690.20"
Nov 8,Owner's Pay,Capital,,Income,From Bank,"₱4,500.00",Store,"₱61,190.20"
Nov 8,Cost of Goods Sold,Bar,Supplies,Expense,Cash in Pao,"₱4,500.00",Bar,"₱56,690.20"
Nov 8,Operating Expense,Utilities - Electricity,,Expense,Meralco,"₱41,653.00",Store,"₱15,037.20"
Nov 8,Owner's Pay,Capital,,Income,From Bank,"₱5,178.00",Store,"₱20,215.20"
Nov 8,Payroll Expense,Service Charge,,Expense,Staff SC,"₱5,178.00",Store,"₱15,037.20"
Nov 8,Sales,Sales,,Income,Sales,"₱8,251.58",Store,"₱23,288.78"
Nov 8,Uncategorized,,,Expense,Expense,"₱1,245.00",Store,"₱22,043.78"
Nov 9,Sales,Sales,,Income,Sales,"₱5,341.09",Store,"₱27,384.87"
Nov 9,Office Expense,Office Supplies,,Expense,Silicon,₱450.00,Store,"₱26,934.87"
Nov 9,Cost of Goods Sold,Bar,Packaging,Expense,Microwavable (Topperware),₱952.00,Dinning,"₱25,982.87"
Nov 9,Operating Expense,Uniform,,Expense,Apron,₱310.00,Bar,"₱25,672.87"
Nov 11,Sales,Sales,Sales,Income,Sales,"₱2,373.27",Store,"₱28,046.14"
Nov 11,Office Expense,Office Supplies,,Expense,Scissors,₱65.00,Store,"₱27,981.14"
Nov 11,Cost of Goods Sold,Bar,Supplies,Expense,Ice,₱220.00,Bar,"₱27,761.14"
Nov 11,Cost of Goods Sold,Kitchen,Supplies,Expense,Purchase Order Kitchen,"₱8,901.71",Kitchen,"₱18,859.43"
Nov 11,Cost of Goods Sold,Kitchen,Staff Meal,Expense,Purchase Order Staff Meal,₱632.00,Kitchen Staff Meal,"₱18,227.43"
Nov 11,Cost of Goods Sold,Bakery,Supplies,Expense,Purchase Order Bakery,"₱7,664.00",Bakery,"₱10,563.43"
Nov 11,Cost of Goods Sold,Bar,Supplies,Expense,Purchase Order Bar,"₱3,887.29",Bar,"₱6,676.14"
Nov 11,Operating Expense,Utilities,Gas,Expense,Purchase Order Gas ,"₱1,300.00",Store,"₱5,376.14"
Nov 11,Delivery & Logistics,Parking Fee,,Expense,Purchase Order Total Parking ,₱100.00,Store,"₱5,276.14"
Nov 12,Sales,Sales,,Income,Sales,"₱5,079.96",Store,"₱10,356.10"
Nov 12,Operating Expense,Utilities,Gas,Expense,Butane ,₱59.00,Kitchen,"₱10,297.10"
Nov 12,Operating Expense,Kitchen Supplies,Small Equipment,Expense,Flame Gun,₱295.00,Kitchen,"₱10,002.10"
Nov 12,Cost of Goods Sold,Bar,Supplies,Expense,Water,₱150.00,Bar,"₱9,852.10"
Nov 13,Sales,Sales,Sales,Income,Sales,"₱3,628.69",Store,"₱13,480.79"
Nov 14,Sales,Sales,Sales,Income,Sales,"₱5,364.74",Store,"₱18,845.53"
Nov 14,Government Fees,Legal Expense,,Expense,BIR Payment,"₱1,400.00",Store,"₱17,445.53"
Nov 14,Uncategorized,,,Expense,SM Grocery,₱300.00,,"₱17,145.53"
Nov 14,Payroll Expense,Service Charge Distribution,,Expense,SC Carol,"₱4,145.00",Store,"₱13,000.53"
Nov 14,Cost of Goods Sold,Bar,Packaging & Disposables,Expense,Coffee Cups,"₱4,950.00",Bar,"₱8,050.53"
Nov 14,Operating Expense,Repairs & Maintenance,Equipment Repairs,Expense,Donnie Elec. Fan+Gulay,₱404.00,Kitchen,"₱7,646.53"
Nov 14,Cost of Goods Sold,Kitchen,Supplies,Expense,Knorr Cubes,₱40.00,Kitchen,"₱7,606.53"
Nov 14,Operating Expense,Kitchen Supplies,Small Equipment,Expense,Slicer,₱750.00,Kitchen,"₱6,856.53"
Nov 15,Sales,Sales,Sales,Income,Sales,"₱8,169.54",Store,"₱15,026.07"
Nov 15,Payroll Expense,Employee Payroll,,Expense,Expense (salary),"₱14,016.96",Store,"₱1,009.11"
Nov 15,Cost of Goods Sold,Bar,Supplies,Expense,Water,₱220.00,Bar,₱789.11
Nov 15,Cost of Goods Sold,Bar,Supplies,Expense,Ice,₱180.00,Bar,₱609.11
Nov 16,Sales,Sales,Sales,Income,Sales,"₱9,121.67",Store,"₱9,730.78"
Nov 16,Payroll Expense,Employee Payroll,,Expense,Salry (Paul),"₱5,409.70",Store,"₱4,321.08"
Nov 16,Cost of Goods Sold,Kitchen,Staff Meal,Expense,Sinigang Mix,₱60.00,Kitchen,"₱4,261.08"
Nov 17,Sales,Sales,Sales,Income,Sales,"₱7,558.00",Store,"₱11,819.08"
Nov 17,Cost of Goods Sold,Bar,Supplies,Expense,Water,₱147.00,Bar,"₱11,672.08"
Nov 17,Cost of Goods Sold,Bar,Packaging & Disposables,Expense,Shoppee Boba Straw,₱101.00,Bar,"₱11,571.08"
Nov 17,Cost of Goods Sold,Bar,Supplies,Expense,Shoppee Trial,₱67.00,Bar,"₱11,504.08"
Nov 17,Cost of Goods Sold,Kitchen,Staff Meal,Expense,Vegetables,₱100.00,Kitchen,"₱11,404.08"
Nov 18,Sales,Sales,Sales,Income,Sales,"₱12,457.58",Store,"₱23,861.66"
Nov 18,Operating Expense,Repairs & Maintenance,Small Equipment,Expense,Carpet & Door Lock,₱225.00,Store,"₱23,636.66"
Nov 18,Cost of Goods Sold,Bar,Delivery Fee,Expense,Lalamove (Ice Cream),₱129.00,Bar,"₱23,507.66"
Nov 18,Uncategorized,,,Expense,Purchase Order ,"₱11,990.00",Kitchen/Bar/Bakery,"₱11,517.66"
Nov 18,Cost of Goods Sold,Kitchen,Supplies,Expense,Chicken Order,"₱2,500.00",Kitchen,"₱9,017.66"
Nov 19,Sales,Sales,Sales,Income,Sales,"₱7,599.15",Store,"₱16,616.81"
Nov 19,Cost of Goods Sold,Kitchen,Delivery Fee,Expense,lalamove (Cheese),₱115.00,Kitchen,"₱16,501.81"
Nov 19,Cost of Goods Sold,Kitchen,Delivery Fee,Expense,lalamove (Chicken),₱126.00,Kitchen,"₱16,375.81"
Nov 19,Operating Expenses,Cleaning & Janitorial,Cleaning Supplies,Expense,Zonrox,₱43.00,Bar,"₱16,332.81"
Nov 20,Sales,Sales,Sales,Income,Sales,"₱4,249.13",Store,"₱20,581.94"
Nov 20,Cost of Goods Sold,Kitchen,Supplies,Expense,Brown/White Sugars,₱135.00,Kitchen,"₱20,446.94"
Nov 21,Sales,Sales,Sales,Income,Sales,"₱6,525.99",Store,"₱26,972.93"
Nov 21,Government Fees,Legal Expense,,Expense,BIR Notaryo,₱700.00,Store,"₱26,272.93"
Nov 21,Cost of Goods Sold,Kitchen,Supplies,Expense,Egg,"₱1,125.00",Kitchen,"₱25,147.93"
Nov 21,Cost of Goods Sold,Bakery,Supplies,Expense,Egg,"₱1,125.00",Bakery,"₱24,022.93"
Nov 21,Operating Expenses,Marketing & Promotional,Decorations,Expense,Christmas Decor,"₱1,741.00",Store,"₱22,281.93"
Nov 21,Operating Expenses,Business Expense,,Expense,Gas for Seminar w/Cheff Chris,"₱1,000.00",Store,"₱21,281.93"
Nov 21,Operating Expense,Repairs & Maintenance,Maintenance Supplies,Expense,WD40 Spray,₱200.00,Store,"₱21,081.93"
Nov 21,Cost of Goods Sold,Kitchen,Staff Meal,Expense,Green Chillis (Sili),₱16.00,Kitchen,"₱21,065.93"
Nov 21,Office Expense,Office Supplies,,Expense,Tape,₱16.00,Bar,"₱21,049.93"
Nov 22,Sales,Sales,Sales,Income,Sales,"₱7,998.91",Store,"₱29,048.84"
Nov 22,Cost of Goods Sold,Bakery,Supplies,Expense,Mango,₱200.00,Bakery,"₱28,848.84"
Nov 22,Cost of Goods Sold,Bar,Supplies,Expense,Ice,₱220.00,Bar,"₱28,628.84"
Nov 22,Cost of Goods Sold,Kitchen,Supplies,Expense,Rice (25kilos),"₱1,210.00",Kitchen,"₱27,418.84"
Nov 23,Cost of Goods Sold,Kitchen,Supplies,Income,Sales,"₱10,196.19",Store,"₱37,615.03"
Nov 23,Cost of Goods Sold,Kitchen,Staff Meal,Expense,Staff Meal,₱360.00,Kitchen,"₱37,255.03"
Nov 24,Sales,Sales,Sales,Income,Sales,"₱2,312.75",Store,"₱39,567.78"
Nov 24,Cost of Goods Sold,Bar,Supplies,Expense,Water,₱210.00,Bar,"₱39,357.78"
Nov 24,Operating Expenses,Cleaning & Janitorial,Cleaning Supplies,Expense,Dishwashing Liquid,₱95.00,Bar,"₱39,262.78"
Nov 24,Cost of Goods Sold,Kitchen,Supplies,Expense,Purchase Order  Kitchen,"₱17,892.12",Kitchen,"₱21,370.66"
Nov 24,Cost of Goods Sold,Bar,Supplies,Expense,Purchase Order  Bar,"₱1,888.88",Bar,"₱19,481.78"
Nov 24,Cost of Goods Sold,Bakery,Supplies,Expense,Purchase Order  Bakery ,"₱7,639.00",Bakery,"₱11,842.78"
Nov 24,Uncategorized,,,Expense,Purchase Order Gas/Parking/Meralco permit,"₱2,580.00",Store,"₱9,262.78"
Nov 25,Sales,Sales,Sales,Income,Sales,"₱2,605.92",Store,"₱11,868.70"
Nov 26,Sales,Sales,Sales,Income,Sales,"₱3,889.00",Store,"₱15,757.70"
Nov 26,Fixed Assets,Bar,Cafe Equiptment,Expense,EXPENSE (Water Pump for C. Machine) Cash From Cash Box,"₱3,040.00",Bar,"₱12,717.70"
Nov 27,Sales,Sales,Sales,Income,Sales,"₱4,264.82",Store,"₱16,982.52"
Nov 27,Operating Expenses,Cleaning & Janitorial,Cleaning Supplies,Expense,Dishwashing Liquid,₱100.00,Bar,"₱16,882.52"
Nov 28,Sales,Sales,Sales,Income,Sales,"₱6,915.65",Store,"₱23,798.17"
Nov 28,Operating Expenses,Cleaning & Janitorial,Cleaning Supplies,Expense,"Sponge, Lalamove, Ice",₱441.00,Bar,"₱23,357.17"
Nov 29,Sales,Sales,Sales,Income,Sales,,Ate Elvi Event,"₱23,357.17"
Nov 29,Cost of Goods Sold,Bar,Supplies,Expense,Ice,₱100.00,Bar,"₱23,257.17"
Nov 29,Operating Expenses,Cleaning & Janitorial,Cleaning Supplies,Expense,Dishwashing Liquid,₱190.00,Bar,"₱23,067.17"
Nov 29,Cost of Goods Sold,Bar,Supplies,Expense,Water,₱150.00,Bar,"₱22,917.17"
Nov 29,Office Expense,Office Supplies,,Expense,Battery,₱30.00,Bar,"₱22,887.17"
Nov 29,Operating Expenses,Cleaning & Janitorial,Cleaning Supplies,Expense,Dishwashing Liquid,₱95.00,Bar,"₱22,792.17"
Nov 30,Sales,Sales,Sales,Income,Sales,"₱8,927.85",Store,"₱31,720.02"
Nov 30,Cost of Goods Sold,Bar,Supplies,Expense,"Ice, Powder,Ice",₱458.00,Bar,"₱31,262.02"
Dec 1,Sales,Sales,Sales,Income,Sales,"₱3,225.86",Store,"₱34,487.88"
Dec 1,Payroll Expense,Employee Payroll,,Expense,Salary,"₱27,526.53",Store,"₱6,961.35"
Dec 1,Cost of Goods Sold,Bar,Supplies,Expense,Sea salt,₱160.00,Bar,"₱6,801.35"
Dec 1,Office Expense,Office Supplies,,Expense,Bond Paper,₱189.00,Store,"₱6,612.35"
Dec 1,Uncategorized,,,Expense,Petty Cash,₱565.00,Store,"₱6,047.35"
Dec 1,Cost of Goods Sold,Kitchen,Supplies,Expense,Purchase Order (Kitchen),"₱3,970.00",Kitchen,"₱2,077.35"
Dec 1,Cost of Goods Sold,Bakery,Supplies,Expense,Purchase Order (Bakery),₱911.00,Bakery,"₱1,166.35"
Dec 1,Cost of Goods Sold,Bar,Supplies,Expense,Purchase Order (Bar),₱589.00,Bar,₱577.35
Dec 1,Delivery & Logistics,Parking Fee,,Expense,Purchase Order Gas/Parking,₱530.00,Store,₱47.35
Dec 2,Sales,Sales,Sales,Income,Sales,"₱5,135.84",Store,"₱5,183.19"
Dec 2,Cost of Goods Sold,Bar,Supplies,Expense,Water,₱210.00,Bar,"₱4,973.19"
Dec 2,Operating Expenses,Cleaning & Janitorial,Cleaning Supplies,Expense,Dishwashing,₱95.00,Bar,"₱4,878.19"
Dec 2,Operating Expenses,Cleaning & Janitorial,Cleaning Supplies,Expense,Towel,₱135.00,Bar,"₱4,743.19"
Dec 2,Uncategorized,,,Expense,Parcel,₱326.00,Store,"₱4,417.19"
Dec 2,Cost of Goods Sold,Kitchen,Staff Meal,Expense,Staffmeal Veggies,₱136.00,Kitchen ,"₱4,281.19"
Dec 2,Cost of Goods Sold,Kitchen,Supplies,Expense,Purchase Order (Kitchen),"₱2,631.00",Kitchen,"₱1,650.19"
Dec 2,Cost of Goods Sold,Bakery,Supplies,Expense,Purchase Order  (Bakery),₱589.00,Bakery,"₱1,061.19"
Dec 2,Cost of Goods Sold,Bar,Supplies,Expense,Purchase Order  (Bar),₱740.00,Bar,₱321.19
Dec 2,Delivery & Logistics,Parking Fee,,Expense,Purchase Order Gas/Parking,"₱1,040.00",Store,-₱718.81
Dec 2,Uncategorized,,,Income,Sukli Purchase Order Nov 25,"₱1,476.00",Store,₱757.19
Dec 3,Sales,Sales,Sales,Income,Sales,"₱10,407.40",Store,"₱11,164.59"
Dec 3,Payroll Expense,Employee Payroll,,Expense,Salary (Paul,"₱5,778.33",Store,"₱5,386.26"
Dec 3,Cost of Goods Sold,Kitchen,Supplies,Expense,Purchase Order (Kitchen),₱295.18,Kitchen,"₱5,091.08"
Dec 3,Cost of Goods Sold,Bakery,Supplies,Expense,Purchase Order  (Bakery),₱322.00,Bakery,"₱4,769.08"
Dec 3,Cost of Goods Sold,Bar,Supplies,Expense,Purchase Order  (Bar),₱602.82,Bar,"₱4,166.26"
Dec 3,Delivery & Logistics,Parking Fee,,Expense,Purchase Order Gas/Parking,₱30.00,Store,"₱4,136.26"
Dec 4,Sales,Sales,Sales,Income,Sales,"₱3,587.15",Store,"₱7,723.41"
Dec 4,Operating Expenses,Cleaning & Janitorial,Cleaning Supplies,Expense,Dishwashing Liquid,₱95.00,Bar,"₱7,628.41"
Dec 4,Payroll Expense,Employee Payroll,,Expense,Salary (Rue),"₱3,118.63",Store,"₱4,509.78"
Dec 5,Sales,Sales,Sales,Income,Sales / Ate Elvi Event Payment,"₱78,521.26",Store,"₱83,031.04"
Dec 5,Cost of Goods Sold,Bar,Supplies,Expense,Ice,₱220.00,Bar,"₱82,811.04"
Dec 5,Payroll Expense,Service Charge Distribution,,Expense,SC for CJ & Paola,"₱6,885.00",Store,"₱75,926.04"
Dec 5,Operating Expense,Utilities,,Expense,Meralco Payment,"₱46,442.52",Store,"₱29,483.52"
Dec 6,Sales,Sales,Sales,Income,Sales,"₱7,742.17",Store,"₱37,225.69"
Dec 6,Cost of Goods Sold,Bar,Supplies,Expense,Water,₱150.00,Bar,"₱37,075.69"
Dec 7,Sales,Sales,Sales,Income,Sales,"₱3,198.15",Store,"₱40,273.84"
Dec 7,Operating Expense,Maintainance,Facility Repair,Expense,EXPENSE (Materials for Bathroom/Sink/Bar Outlets),"₱4,200.00",Store,"₱36,073.84"
Dec 8,Sales,Sales,Sales,Income,Sales,"₱6,445.11",Store,"₱42,518.95"
Dec 8,Operating Expense,Kitchen Supplies,Small Equipment,Expense,Lighter,₱35.00,Kitchen,"₱42,483.95"
Dec 8,Payroll Expense,Service Charge Distribution,,Expense,EXPENSE (SC for Carol),"₱6,885.60",Store,"₱35,598.35"
Dec 8,Uncategorized,,,Expense,Purchase Order Kitchen/Staff Meal,"₱17,636.55",Kitchen,"₱17,961.80"
Dec 8,Cost of Goods Sold,Bar,Supplies,Expense,Purchase Order Bar,"₱5,276.50",Bar,"₱12,685.30"
Dec 8,Delivery & Logistics,Parking Fee,,Expense,Purchase Order Gas & Parking,"₱2,090.00",Store,"₱10,595.30"
Dec 9,Sales,Sales,Sales,Income,Sales,"₱5,312.53",Store,"₱15,907.83"
Dec 9,Cost of Goods Sold,Kitchen,Delivery Fee,Expense,Delivery Fee (Chicken),₱114.00,Kitchen,"₱15,793.83"
Dec 10,Sales,Sales,Sales,Income,Sales,"₱1,708.42",Store,"₱17,502.25"
Dec 10,Cost of Goods Sold,Bar,Supplies,Expense,Water,₱90.00,Bar,"₱17,412.25"
Dec 10,Office Expense,Office Supplies,,Expense,"Cotton, Betadine",₱51.00,Store,"₱17,361.25"
Dec 10,Cost of Goods Sold,Bar,Supplies,Expense,Ice (Dec05),₱220.00,Bar,"₱17,141.25"
Dec 10,Cost of Goods Sold,Bar,Supplies,Expense,Ice,₱168.00,Bar,"₱16,973.25"
Dec 11,Sales,Sales,Sales,Income,Sales,₱772.46,Store,"₱17,745.71"
Dec 11,Cost of Goods Sold,Bar,Supplies,Expense,Water,₱60.00,Bar,"₱17,685.71"
Dec 12,Sales,Sales,Sales,Income,Sales,"₱1,821.99",Store,"₱19,507.70"
Dec 12,Cost of Goods Sold,Bar,Supplies,Expense,Parcel (Condense Milk),₱550.00,Bar,"₱18,957.70"
Dec 12,Cost of Goods Sold,Bar,Supplies,Expense,Ice,₱80.00,Bar,"₱18,877.70"
Dec 13,Sales,Sales,Sales,Income,Sales,"₱6,938.38",Store,"₱25,816.08"
Dec 13,Cost of Goods Sold,Bar,Supplies,Expense,Water,₱150.00,Bar,"₱25,666.08"
Dec 13,Cost of Goods Sold,Bar,Supplies,Expense,Ice,₱220.00,Bar,"₱25,446.08"
Dec 13,Cost of Goods Sold,Bar,Supplies,Expense,Shoppee ,₱334.00,Bar,"₱25,112.08"
Dec 14,Sales,Sales,Sales,Income,Sales,"₱7,634.80",Store,"₱32,746.88"
Dec 15,Sales,Sales,Sales,Income,Sales,"₱4,684.28",Store,"₱37,431.16"
Dec 15,Cost of Goods Sold,Bar,Supplies,Expense,Ice,₱380.00,Bar,"₱37,051.16"
Dec 15,Miscellaneous,Christmas Party,,Expense,EXPENSE Xmas Party Food,"₱9,000.00",Store,"₱28,051.16"
Dec 15,Uncategorized,,,Expense,EXPENSE 2 Days Staff Meal Purchase order,"₱15,000.00",Store,"₱13,051.16"
Dec 15,Miscellaneous,Christmas Party,,Income,Xmas Party Fund From NOVO,"₱2,000.00",Store,"₱15,051.16"
Dec 15,Uncategorized,,,Income,Purchase Order Refund for Salary,"₱9,600.00",Store,"₱24,651.16"
Dec 15,Payroll Expense,Employee Payroll,,Expense,Total Cash Salary,"₱26,787.93",Store,"-₱2,136.77"
Dec 15,Payroll Expense,Employee Payroll,,Income,From Sales Dec 16 (Salary) Addtnl. Funds,"₱8,000.00",Store,"₱5,863.23"
Dec 16,Sales,Sales,Sales,Income,Sales,"₱9,954.26",Store,"₱15,817.49"
Dec 16,Payroll Expense,Employee Payroll,,Expense,EXPENSE (8k for Addtnl Salary),"₱8,000.00",Store,"₱7,817.49"
Dec 16,Operating Expenses,Marketing & Promotional,Event,Expense,Xmas Decorations,₱500.00,Store,"₱7,317.49"
Dec 16,Operating Expenses,Marketing & Promotional,Event,Expense,Joyride (CVSU),₱100.00,Store,"₱7,217.49"
Dec 16,Operating Expenses,Marketing & Promotional,Event,Expense,Sprite (CVSU),₱192.00,Store,"₱7,025.49"
Dec 16,Operating Expenses,Marketing & Promotional,Event,Expense,Grab (CVSU),₱173.00,Store,"₱6,852.49"
Dec 16,Operating Expenses,Marketing & Promotional,Event,Expense,ICE (CVSU),₱160.00,Store,"₱6,692.49"
Dec 16,Operating Expenses,Marketing & Promotional,Event,Expense,Food (CVSU),₱50.00,Store,"₱6,642.49"
Dec 17,Sales,Sales,Sales,Income,Sales,"₱4,690.66",Store,"₱11,333.15"
Dec 17,Cost of Goods Sold,Bar,Supplies,Expense,Water,₱120.00,Bar,"₱11,213.15"
Dec 17,Payroll Expense,Employee Payroll,,Expense,Salary (Christian),"₱4,656.93",Store,"₱6,556.22"
Dec 17,Miscellaneous,Christmas Party,,Expense,Xmas Party Special Prizes,"₱2,281.95",Store,"₱4,274.27"
Dec 18,Sales,Sales,Sales,Income,Sales,"₱2,680.20",Store,"₱6,954.47"
Dec 18,Cost of Goods Sold,Kitchen ,Staff Meal,Expense,Staff Meal,₱600.00,Kitchen,"₱6,354.47"
Dec 18,Miscellaneous,Christmas Party,,Expense,EXPENSE Xmas Party BBQ Payment,"₱1,500.00",Store,"₱4,854.47"
Dec 19,Sales,Sales,Sales,Income,Sales,"₱1,828.79",Store,"₱6,683.26"
Dec 19,Cost of Goods Sold,Kitchen ,Supplies,Expense,Shipping Fee (Chicken Skin),₱99.00,Kitchen,"₱6,584.26"
Dec 19,Office Expense,Office Supplies,,Expense,Tape,₱80.00,Store,"₱6,504.26"
Dec 19,Operating Expense,Repairs & Maintenance,Maintenance Supplies,Expense,EXPENSE Materyales/Kuya Ricky,"₱1,400.00",Store,"₱5,104.26"
Dec 19,Operating Expense,Repairs & Maintenance,Maintenance Supplies,Income,Materyales/Kuya Ricky (Sukli),₱350.00,,"₱5,454.26"
Dec 19,Uncategorized,,,Expense,Purchase Order Kitchen/Staff Meal,"₱4,500.00",Kitchen,₱954.26
Dec 20,Sales,Sales,Sales,Income,Sales,"₱9,270.23",Store,"₱10,224.49"
Dec 20,Cleaning & Sanitation,Cleaning & Janitorial,Cleaning Supplies,Expense,Dishwashing,₱140.00,Bar,"₱10,084.49"
Dec 20,Cost of Goods Sold,Bar,Supplies,Expense,Ice,₱220.00,Bar,"₱9,864.49"
Dec 20,Cost of Goods Sold,Bar,Supplies,Expense,Syrup & Honey,"₱2,103.00",Bar,"₱7,761.49"
Dec 20,Cost of Goods Sold,Kitchen,Supplies,Expense,Rice,₱150.00,Kitchen,"₱7,611.49"
Dec 20,Cost of Goods Sold,Bar,Supplies,Expense,Water,₱210.00,Bar,"₱7,401.49"
Dec 20,Cost of Goods Sold,Bar,Supplies,Expense,Water,₱89.00,Bar,"₱7,312.49"
Dec 21,Sales,Sales,Sales,Income,Sales,"₱7,769.01",Store,"₱15,081.50"
Dec 21,Uncategorized,,,Expense,Supermarket,"₱2,028.00",Store,"₱13,053.50"
Dec 21,Cost of Goods Sold,Kitchen,Delivery Fee,Expense,Delivery Fee (Bawang),₱88.00,Kitchen,"₱12,965.50"
Dec 21,Cost of Goods Sold,Bar,Supplies,Expense,Shoppee ,"₱1,928.00",Bar,"₱11,037.50"
Dec 21,Cost of Goods Sold,Bar,Packaging & Disposables,Expense,Microwavable (Tupperware),₱70.00,Bar,"₱10,967.50"
Dec 21,Cleaning & Sanitation,Cleaning & Janitorial,Cleaning Supplies,Expense,Dishwashing Liquid,₱145.00,Bar,"₱10,822.50"
Dec 22,Sales,Sales,Sales,Income,Sales,"₱9,896.16",Store,"₱20,718.66"
Dec 22,Uncategorized,,,Expense,Purchase Order ,"₱6,000.00",Kitchen/Bar ,"₱14,718.66"
Dec 22,Uncategorized,,,Expense,Petty Cash,"₱1,000.00",Store,"₱13,718.66"
Dec 23,Sales,Sales,Sales,Income,Sales,₱996.69,Store,"₱14,715.35"
Dec 23,Cost of Goods Sold,Bar,Supplies,Expense,Ice,₱220.00,Bar,"₱14,495.35"
Dec 23,Cost of Goods Sold,Kitchen,Delivery Fee,Expense,Delivery (Parmesan),₱125.00,Kitchen,"₱14,370.35"
Dec 23,Cost of Goods Sold,Bar,Supplies,Expense,Ice,₱100.00,Bar,"₱14,270.35"
Dec 23,Uncategorized,,,Expense,Purchase Order Kitchen/Bar,"₱13,000.00",Kitchen/Bar,"₱1,270.35"
Dec 24,Sales,Sales,Sales,Income,Sales,"₱6,047.36",Store,"₱7,317.71"
Dec 24,Cost of Goods Sold,Kitchen,Supplies,Expense,Bagoong,₱125.00,Kitchen,"₱7,192.71"
Dec 24,Cost of Goods Sold,Bakery,Supplies,Expense,EXPENSE Purchase Order Bakery,₱960.00,Bakery,"₱6,232.71"
Dec 24,Cost of Goods Sold,Kitchen,Supplies,Expense,EXPENSE Purchase Order Kitchen,"₱1,500.00",Kitchen,"₱4,732.71"
Dec 25,Sales,Sales,Sales,Income,Sales,"₱1,684.04",Store,"₱6,416.75"
Dec 25,Cost of Goods Sold,Kitchen,Supplies,Income,Purchase Order Sukli,₱180.25,Store,"₱6,597.00"
Dec 26,Sales,Sales,Sales,Income,Sales,"₱8,761.49",Store,"₱15,358.49"
Dec 26,Cost of Goods Sold,Bar,Supplies,Expense,Parcel (Frappe Base),₱630.00,Bar,"₱14,728.49"
Dec 26,Cleaning & Sanitation,Cleaning & Janitorial,Cleaning Supplies,Expense,Air Freshener,₱68.00,Bar,"₱14,660.49"
Dec 27,Sales,Sales,Sales,Income,Sales,"₱4,451.82",Store,"₱19,112.31"
Dec 27,Cost of Goods Sold,Kitchen,Delivery Fee,Expense,Delivery Fee,₱100.00,Store,"₱19,012.31"
Dec 27,Cost of Goods Sold,Kitchen,Staff Meal,Expense,Sinigang Mix,₱60.00,Kitchen,"₱18,952.31"
Dec 27,Cost of Goods Sold,Kitchen,Supplies,Expense,EXPENSE Purchase Order Kitchen (L.Pasta/L.Smoke),₱640.00,Kitchen,"₱18,312.31"
Dec 28,Sales,Sales,Sales,Income,Sales,"₱11,370.62",Store,"₱29,682.93"
Dec 28,Cost of Goods Sold,Kitchen,Supplies,Expense,Tomato Paiste,₱19.00,Kitchen,"₱29,663.93"
Dec 28,Cleaning & Sanitation,Cleaning & Janitorial,Cleaning Supplies,Expense,Insecticide (Baolilai),₱95.00,Store,"₱29,568.93"
Dec 28,Cost of Goods Sold,Kitchen,Supplies,Expense,Purchase Order Kitchen,"₱12,050.00",Kitchen,"₱17,518.93"
Dec 28,Cost of Goods Sold,Kitchen,Staff Meal,Expense,Purchase Order Staff Meal,"₱1,322.00",Kitchen,"₱16,196.93"
Dec 28,Cost of Goods Sold,Bakery,Supplies,Expense,Purchase Order Bakery,"₱2,628.00",Bakery,"₱13,568.93"
Dec 29,Sales,Sales,Sales,Income,Sales,"₱4,333.18",Store,"₱17,902.11"
Dec 29,Cost of Goods Sold,Bar,Supplies,Expense,Water,₱210.00,Bar,"₱17,692.11"
Dec 29,Cost of Goods Sold,Bar,Supplies,Expense,Ice,₱220.00,Bar,"₱17,472.11"
Dec 30,Sales,Sales,Sales,Income,Sales,"₱5,863.63",Store,"₱23,335.74"
Dec 30,Cost of Goods Sold,Bar,Delivery Fee,Expense,Delivery Fee (Milk),₱151.00,Bar,"₱23,184.74"
Dec 30,Cost of Goods Sold,Bar,Supplies,Expense,Purchase Order Bar,"₱6,000.00",Bar,"₱17,184.74"
Dec 30,Cost of Goods Sold,Bar,Supplies,Expense,Purchase Order Bar (Milk),₱644.00,Bar,"₱16,540.74"
Dec 30,Cost of Goods Sold,Bar,Supplies,Income,Purchase Order Sukli,₱301.32,Store,"₱16,842.06"
Dec 31,Sales,Sales,Sales,Income,Sales,"₱1,586.38",Store,"₱18,428.44"
Dec 31,Cost of Goods Sold,Kitchen,Delivery Fee,Expense,Delivery Fee (Chicken  Skin),₱150.00,Kitchen,"₱18,278.44"
Dec 31,Cost of Goods Sold,Bar,Supplies,Expense,Purchase Order Bar (Real Lime Juice),₱478.00,Bar,"₱17,800.44"
Jan 1,Sales,Sales,Sales,Income,Sales,"₱8,100.74",Store,"₱25,901.18"
Jan 1,Uncategorized,,,Income,Additional Funds from Petty Cash,"₱3,661.00",Store,"₱29,562.18"
Jan 1,Payroll Expense,Employee Payroll,,Expense,Salary,"₱17,620.74",Store,"₱11,941.44"
Jan 1,Uncategorized,,,Expense,Salary From Petty Cash,"₱3,661.00",Store,"₱8,280.44"
Jan 2,Sales,Sales,Sales,Income,Sales,"₱3,167.41",Store,"₱11,447.85"
Jan 2,Cost of Goods Sold,Kitchen,Delivery Fee,Expense,Delivery Fee (Cheese),₱111.00,Store,"₱11,336.85"
Jan 2,Cost of Goods Sold,Bar,Supplies,Expense,Piping Bag,₱134.00,Bar,"₱11,202.85"
Jan 2,Payroll Expense,Employee Payroll,,Expense,Salary,"₱1,847.05",Store,"₱9,355.80"
Jan 3,Sales,Sales,Sales,Income,Sales,"₱11,219.69",Store,"₱20,575.49"
Jan 3,Cleaning & Sanitation,Cleaning & Janitorial,Cleaning Supplies,Expense,Dishwashing Liquid,₱553.00,Bar,"₱20,022.49"
Jan 3,Cost of Goods Sold,Bar,Supplies,Expense,Ice,₱220.00,Bar,"₱19,802.49"
Jan 3,Cost of Goods Sold,Bakery,Supplies,Expense,Small Pastry bag,₱320.00,Bakery,"₱19,482.49"
Jan 3,Cost of Goods Sold,Bar,Supplies,Expense,Water,₱180.00,Bar,"₱19,302.49"
Jan 3,Payroll Expense,Employee Payroll,,Expense,Salary,"₱5,658.33",Store,"₱13,644.16"
Jan 4,Sales,Sales,Sales,Income,Sales,"₱16,878.64",Store,"₱30,522.80"
Jan 4,Cost of Goods Sold,Bar,Supplies,Expense,Water,₱180.00,Bar,"₱30,342.80"
Jan 4,Cost of Goods Sold,Bar,Supplies,Expense,Water (Absolute),₱176.00,Bar,"₱30,166.80"
Jan 4,Cleaning & Sanitation,Cleaning & Janitorial,Cleaning Supplies,Expense,Insecticide (Baolilai),₱95.00,Bar,"₱30,071.80"
Jan 4,Cost of Goods Sold,Kitchen,Supplies,Expense,Purchase Order Kitchen,"₱1,795.00",Kitchen,"₱28,276.80"
Jan 4,Cost of Goods Sold,Bakery,Supplies,Expense,Purchase Order Bakery,"₱1,206.00",Bakery,"₱27,070.80"
Jan 4,Cost of Goods Sold,Bar,Supplies,Expense,Purchase Order bar,"₱2,252.50",Bar,"₱24,818.30"
Jan 4,Delivery & Logistics,Parking Fee,,Expense,Purchase Order Parking Expenses,₱40.00,Store,"₱24,778.30"
Jan 4,Payroll Expense,Employee Payroll,,Expense,Salary,"₱6,328.20",Store,"₱18,450.10"
Jan 5,Sales,Sales,Sales,Income,Sales,"₱4,181.58",Store,"₱22,631.68"
Jan 5,Cost of Goods Sold,Bar,Delivery Fee,Expense,Delivery Fee (Cheese),₱105.00,Kitchen,"₱22,526.68"
Jan 5,Cost of Goods Sold,Bar,Supplies,Expense,Condensed Milk,₱199.00,Bar,"₱22,327.68"
Jan 5,Cost of Goods Sold,Kitchen,Staff Meal,Expense,Purchase Order Staff Meal,₱107.00,Kitchen,"₱22,220.68"
Jan 5,Uncategorized,,,Expense,Transfer to G-cash,"₱9,700.00",Store,"₱12,520.68"
Jan 6,Sales,Sales,Sales,Income,Sales,"₱3,879.36",Store,"₱16,400.04"
Jan 6,Cost of Goods Sold,Bar,Packaging & Disposables,Expense,Syrup Cover,₱137.00,Bar,"₱16,263.04"
Jan 6,Cost of Goods Sold,Kitchen,Staff Meal,Expense,Purchase Order Staff Meal,₱80.00,Kitchen,"₱16,183.04"
Jan 6,Cost of Goods Sold,Kitchen,Supplies,Expense,Purchase Order Kitchen,"₱9,350.00",Kitchen,"₱6,833.04"
Jan 6,Delivery & Logistics,Parking Fee,,Expense,Purchase Order Gas/Parking,"₱1,150.00",Store,"₱5,683.04"
Jan 6,Government Fees,Legal Expense,,Expense,Meralco Yellow Card Application,₱371.00,Store,"₱5,312.04"
Jan 7,Sales,Sales,Sales,Income,Sales,"₱7,421.52",Store,"₱12,733.56"
Jan 7,Cost of Goods Sold,Bar,Delivery Fee,Expense,Delivery Fee (Milk,₱124.00,Bar,"₱12,609.56"
Jan 7,Cost of Goods Sold,Bar,Supplies,Expense,Water,₱90.00,Bar,"₱12,519.56"
Jan 7,Cost of Goods Sold,Kitchen,Supplies,Expense,Purchase Order Kitchen,"₱3,525.00",Kitchen,"₱8,994.56"
Jan 7,Cost of Goods Sold,Bakery,Supplies,Expense,Purchase Order Bakery,₱405.00,Bakery,"₱8,589.56"
Jan 7,Delivery & Logistics,Parking Fee,,Expense,Purchase Order Gas/Parking,₱570.00,Store,"₱8,019.56"
Jan 9,Sales,Sales,Sales,Income,Sales,"₱7,916.93",Store,"₱15,936.49"
Jan 9,Cleaning & Sanitation,Cleaning & Janitorial,,Expense,General Cleaning Expense,₱112.00,Store,"₱15,824.49"
Jan 10,Sales,Sales,Sales,Income,Sales,"₱3,131.84",Store,"₱18,956.33"
Jan 10,Cost of Goods Sold,Bakery,Supplies,Expense,Purchase Order Bakery,"₱1,000.00",Bakery,"₱17,956.33"
Jan 11,Sales,Sales,Sales,Income,Sales,"₱7,989.49",Store,"₱25,945.82"
Jan 11,Cost of Goods Sold,Kitchen,Delivery Fee,Expense,Delivery Fee (Steak),₱370.00,Kitchen,"₱25,575.82"
Jan 11,Cost of Goods Sold,Bar,Supplies,Expense,Ice,₱220.00,Bar,"₱25,355.82"
Jan 11,Cost of Goods Sold,Bar,Packaging & Disposables,Expense,Happy Birthday Topper,₱195.00,Bar,"₱25,160.82"
Jan 11,Cost of Goods Sold,Kitchen,Staff Meal,Expense,Purchase Order Staff Meal (Sinigang Mix),₱64.00,Kitchen,"₱25,096.82"
Jan 11,Cost of Goods Sold,Bar,Delivery Fee,Expense,Lalamove COD Payment,"₱2,156.00",Bar,"₱22,940.82"
Jan 11,Payroll Expense,Service Charge Distribution,,Expense,SC Madaam Carol,"₱3,000.00",Store,"₱19,940.82"
Jan 11,Cost of Goods Sold,Kitchen,Supplies,Expense,Purchase Order Kitchen (Pasta),₱293.50,Kitchen ,"₱19,647.32"
Jan 11,Cost of Goods Sold,Bar,Supplies,Expense,Purchase Order Bar (Everwhip),"₱1,140.00",Bar,"₱18,507.32"
Jan 12,Sales,Sales,Sales,Income,Sales,"₱2,651.03",Store,"₱21,158.35"
Jan 13,Sales,Sales,Sales,Income,Sales,"₱8,371.45",Store,"₱29,529.80"
Jan 13,Cost of Goods Sold,Bar,Supplies,Expense,Ice,₱220.00,Bar,"₱29,309.80"
Jan 13,Cost of Goods Sold,Bar,Supplies,Expense,Water,₱170.00,Bar,"₱29,139.80"
Jan 13,Cost of Goods Sold,Bar,Packaging & Disposables,Expense,Candles,₱83.00,Bar,"₱29,056.80"
Jan 14,Sales,Sales,Sales,Income,Sales,"₱9,574.06",Store,"₱38,630.86"
Jan 14,Cost of Goods Sold,Bar,Supplies,Expense,Water,₱510.00,Bar,"₱38,120.86"
Jan 14,Cost of Goods Sold,Kitchen,Supplies,Expense,Purchase Order (Kitchen),"₱4,861.00",Kitchen,"₱33,259.86"
Jan 14,Cost of Goods Sold,Bar,Supplies,Expense,Purchase Order (Bar),"₱2,904.00",Bar,"₱30,355.86"
Jan 14,Delivery & Logistics,Parking Fee,,Expense,Purchase Order Gas/Parking,"₱1,070.00",Store,"₱29,285.86"
Jan 14,Delivery & Logistics,Parking Fee,,Expense,Notaryo for Meralco Undertaking Docs/Parking,₱320.00,Store,"₱28,965.86"
Jan 15,Sales,Sales,Sales,Income,Sales,"₱2,540.74",Store,"₱31,506.60"
Jan 15,Cost of Goods Sold,Kitchen,Delivery Fee,Expense,Lalamove (Kitchen),₱239.00,Kitchen,"₱31,267.60"
Jan 16,Sales,Sales,Sales,Income,Sales,"₱5,746.64",Store,"₱37,014.24"
Jan 16,Cost of Goods Sold,Bar,Supplies,Expense,Ice,₱220.00,Bar,"₱36,794.24"
Jan 16,Operating Expenses,Cleaning & Janitorial,Cleaning Supplies,Expense,Insecticide (Baolilai),₱95.00,Bar,"₱36,699.24"
Jan 16,Delivery & Logistics,Parking Fee,,Expense,Purchase Order (Bakery) Parking,"₱1,141.70",Bakery,"₱35,557.54"
Jan 16,Cost of Goods Sold,Bar,Supplies,Expense,Purchase Order (Bar),"₱1,131.25",Bar,"₱34,426.29"
Jan 16,Sales,Sales,Sales,Income,Sales (Wedding Event Biñan),"₱2,000.00",Store,"₱36,426.29"
Jan 16,Delivery & Logistics,Travel Fee,,Expense,(Transpo Payment for Wedding Event Biñan),"₱2,000.00",Store,"₱34,426.29"
Jan 16,Payroll Expense,Employee Payroll,,Expense,Salary,"₱16,719.70",Store,"₱17,706.59"
Jan 17,Sales,Sales,Sales,Income,Sales,"₱3,640.39",Store,"₱21,346.98"
Jan 17,Cost of Goods Sold,Bar,Supplies,Expense,Water,₱150.00,Bar,"₱21,196.98"
Jan 17,Payroll Expense,Employee Payroll,,Expense,Salary,"₱3,705.18",Store,"₱17,491.80"
Jan 17,Office Expense,Office Supplies,,Expense,Double Adhesive Tape (For Picture Frames),₱439.00,Store,"₱17,052.80"
Jan 18,Sales,Sales,Sales,Income,Sales,"₱9,445.35",Store,"₱26,498.15"
Jan 18,Operating Expense,Utilities,Gas,Expense,Butane,₱59.00,Kitchen,"₱26,439.15"
Jan 18,Office Expense,Office Supplies,,Expense,Masking Tape,₱35.00,Store,"₱26,404.15"
Jan 18,Cost of Goods Sold,Bar,Supplies,Expense,Ice,₱220.00,Bar,"₱26,184.15"
Jan 18,Cost of Goods Sold,Bar,Supplies,Expense,Water,₱70.00,Bar,"₱26,114.15"
Jan 19,Sales,Sales,Sales,Income,Sales,"₱3,997.39",Store,"₱30,111.54"
Jan 19,Operating Expense,Kitchen Supplies,Small Equipment,Expense,Flame gun,₱90.00,Kitchen,"₱30,021.54"
Jan 20,Sales,Sales,Sales,Income,Sales,"₱9,534.57",Store,"₱39,556.11"
Jan 20,Cost of Goods Sold,Bar,Supplies,Expense,Water,₱180.00,Bar,"₱39,376.11"
Jan 20,Cost of Goods Sold,Kitchen,Supplies,Expense,Purchase Order (Kitchen),"₱12,079.50",Kitchen,"₱27,296.61"
Jan 20,Cost of Goods Sold,Bakery,Supplies,Expense,Purchase Order (Bakery),"₱2,594.00",Bakery,"₱24,702.61"
Jan 20,Delivery & Logistics,Parking Fee,,Expense,Purchase Order Parking Expenses,₱50.00,Store,"₱24,652.61"
Jan 20,Payroll Expense,Employee Payroll,,Expense,Salary,"₱14,700.18",Store,"₱9,952.43"
Jan 21,Sales,Sales,Sales,Income,Sales,"₱6,100.97",Store,"₱16,053.40"
Jan 21,Cost of Goods Sold,Kitchen,Supplies,Expense,Purchase Order (Kitchen),"₱4,456.00",Kitchen,"₱11,597.40"
Jan 21,Cost of Goods Sold,Bar,Supplies,Expense,Purchase Order (Bar),₱479.00,Bar,"₱11,118.40"
Jan 21,Delivery & Logistics,Parking Fee,,Expense,Purchase Order Gas/Parking,"₱1,020.00",Store,"₱10,098.40"
Jan 21,Payroll Expense,Employee Payroll,,Expense,Salary,"₱2,590.00",Store,"₱7,508.40"
Jan 22,Sales,Sales,Sales,Income,Sales,"₱1,659.18",Store,"₱9,167.58"
Jan 22,Cost of Goods Sold,Bar,Supplies,Expense,"Photo Paper, Sticker, Biscoff","₱1,865.00",Bar,"₱7,302.58"
Jan 22,Cost of Goods Sold,Bar,Supplies,Expense,"(Wine Glass, Novelino Red Wine)",₱584.00,Store,"₱6,718.58"
Jan 22,Operating Expenses,Marketing & Promotional,Decorations,Expense,(Roses for Photo Shoot),₱300.00,Store,"₱6,418.58"
Jan 22,Payroll Expense,Employee Payroll,,Expense,(Salary Rue),"₱1,448.50",Store,"₱4,970.08"
Jan 23,Sales,Sales,Sales,Income,Sales,"₱6,456.98",Store,"₱11,427.06"
Jan 23,Cost of Goods Sold,Bar,Supplies,Expense,"(Apron, Ice)",₱749.00,Bar,"₱10,678.06"
Jan 23,Cost of Goods Sold,Kitchen,Supplies,Expense,Mozzarella Cheese (Kitchen),"₱1,325.00",Kitchen,"₱9,353.06"
Jan 23,Cost of Goods Sold,Bakery,Supplies,Expense,Gelatin (Bakery) ,"₱1,026.00",Bakery,"₱8,327.06"
Jan 24,Sales,Sales,Sales,Income,SALES,"₱7,113.58",Store,"₱15,440.64"
Jan 24,Cost of Goods Sold,Bar,Supplies,Expense,"(Vanilla Syrup, Water) Bar",₱755.00,Bar,"₱14,685.64"
Jan 25,Sales,Sales,Sales,Income,SALES,"₱7,567.00",Store,"₱22,252.64"
Jan 25,Operating Expense,Kitchen Supplies,Small Equipment,Expense,(Rice Cup),₱150.00,Kitchen,"₱22,102.64"
Jan 25,Cost of Goods Sold,Kitchen,Staff Meal,Expense,(Bopis Ingredients) Kitchen,₱250.00,Kitchen,"₱21,852.64"
Jan 25,Payroll Expense,Service Charge Distribution,,Expense,"SC Carol For Dec
",₱500.00,Store,"₱21,352.64"
Jan 26,Sales,Sales,Sales,Income,SALES,"₱5,062.31",Store,"₱26,414.95"
Jan 26,Operating Expense,Kitchen Supplies,Small Equipment,Income,Cash added (Sukli from Rice Cup),₱45.00,Store,"₱26,459.95"
Jan 26,Cost of Goods Sold,Kitchen,Delivery Fee,Expense,Delivery Fee (Cheese),₱106.00,Kitchen,"₱26,353.95"
Jan 27,Sales,Sales,Sales,Income,SALES,"₱3,512.64",Store,"₱29,866.59"
Jan 27,Cost of Goods Sold,Bar,Supplies,Expense,Ice,₱220.00,Bar,"₱29,646.59"
Jan 27,Operating Expense,Uniform,,Expense,T-Shirt (Polo),₱250.00,Store,"₱29,396.59"
Jan 27,Cost of Goods Sold,Bakery,Supplies,Expense,Cake Board (maam Carol),₱120.00,Bakery,"₱29,276.59"
Jan 27,Office Expense,Office Supplies,,Expense,Charger,₱155.00,Store,"₱29,121.59"
Jan 27,Cost of Goods Sold,Kitchen,Supplies,Expense,Purchase Order (Kitchen),"₱7,056.00",Kitchen,"₱22,065.59"
Jan 27,Cost of Goods Sold,Bar,Supplies,Expense,Purchase Order (Bar),"₱1,057.00",Bar,"₱21,008.59"
Jan 27,Delivery & Logistics,Parking Fee,,Expense,Purchase Order Gas/Parking,"₱1,050.00",Store,"₱19,958.59"
Jan 28,Sales,Sales,Sales,Income,SALES,"₱1,816.14",Store,"₱21,774.73"
Jan 28,Cost of Goods Sold,Bar,Delivery Fee,Expense,Delivery Fee (Lalamove),₱124.00,Bar,"₱21,650.73"
Jan 28,Office Expense,Office Supplies,,Expense,Parcel (Ballpen),₱159.00,Bar,"₱21,491.73"
Jan 28,Cost of Goods Sold,Bakery,Supplies,Expense,Purchase Order (Bakery),"₱5,228.00",Bakery,"₱16,263.73"
Jan 28,Delivery & Logistics,Parking Fee,,Expense,Purchase Order Gas/Parking,₱50.00,Store,"₱16,213.73"
Jan 28,Cost of Goods Sold,Kitchen,Supplies,Expense,Purchase Order (Kitchen),"₱1,881.00",Kitchen,"₱14,332.73"
Jan 29,Sales,Sales,Sales,Income,SALES,"₱1,562.41",Store,"₱15,895.14"
Jan 29,Cost of Goods Sold,Kitchen,Packaging & Disposables,Expense,Plastic Labo,₱42.00,Store,"₱15,853.14"
Jan 29,Cost of Goods Sold,Bakery,Supplies,Expense,Powdered Milk (Bear Brand) Bakery,₱50.00,Bakery,"₱15,803.14"
Jan 29,Cost of Goods Sold,Bakery,Supplies,Expense,Manggo (Bakery),₱245.00,Bakery,"₱15,558.14"
Jan 29,Cost of Goods Sold,Bakery,Supplies,Expense,AAB (Bakery),"₱1,029.00",Bakery,"₱14,529.14"
Jan 30,Sales,Sales,Sales,Income,SALES,"₱7,637.69",Store,"₱22,166.83"
Jan 30,Payroll Expense,Service Charge Distribution,,Expense,"SC Carol For Dec
",₱600.00,Store,"₱21,566.83"
Jan 30,Payroll Expense,Service Charge Distribution,,Expense,"SC Carol For Jan
","₱4,100.00",Store,"₱17,466.83"
Jan 30,Delivery & Logistics,Parking Fee,,Expense,Gas for Meralco Rosario Follow up,₱500.00,Store,"₱16,966.83"
Jan 30,Cost of Goods Sold,Kitchen,Supplies,Expense,"Salmon, Evap (R&D)","₱1,483.27",Store,"₱15,483.56"
Jan 31,Sales,Sales,Sales,Income,SALES,"₱4,722.14",Store,"₱20,205.70"
Jan 31,Cost of Goods Sold,Kitchen,Supplies,Expense,Eden Cheese ,₱130.00,Kitchen,"₱20,075.70"
Jan 31,Cost of Goods Sold,Bakery,Supplies,Expense,Quesso De Bola,₱800.00,Bakery,"₱19,275.70"
Jan 31,Cost of Goods Sold,Kitchen,Delivery Fee,Expense,Delivery Fee (Bawang),₱68.00,Kitchen,"₱19,207.70"
Jan 31,Cost of Goods Sold,Bar,Delivery Fee,Expense,Delivery Fee (Sauce),₱105.00,Bar,"₱19,102.70"
Feb 01,Sales,Sales,Sales,Income,SALES,"₱8,238.85",Store,"₱27,341.55"
Feb 01,Cost of Goods Sold,Bar,Supplies,Expense,Ice,₱220.00,Bar,"₱27,121.55"
Feb 01,Cost of Goods Sold,Kitchen,Delivery Fee,Expense,Delivery Fee (Ribs),₱100.00,Kitchen,"₱27,021.55"
Feb 01,Operating Expense,Kitchen Supplies,Small Equipment,Expense,Shopee (Stainless Handle),₱138.00,Kitchen,"₱26,883.55"
Feb 01,Cost of Goods Sold,Bar,Supplies,Expense,Shopee (Biscoff Spread),₱418.00,Bar,"₱26,465.55"
Feb 01,Cost of Goods Sold,Kitchen,Supplies,Expense,Reno Liver spread,₱47.00,Kitchen,"₱26,418.55"
Feb 01,Cost of Goods Sold,Bakery,Supplies,Expense,Bakery Purchases,₱979.00,Bakery,"₱25,439.55"
Feb 02,Sales,Sales,Sales,Income,SALES,"₱6,612.91",Store,"₱32,052.46"
Feb 02,Cleaning & Sanitation,Cleaning & Janitorial,Cleaning Supplies,Expense,Insecticide (Baolilai),₱95.00,Bar,"₱31,957.46"
Feb 02,Cost of Goods Sold,Bar,Supplies,Expense,Water,₱240.00,Bar,"₱31,717.46"
Feb 02,Cost of Goods Sold,Kitchen,Delivery Fee,Expense,Delivery Fee (Lettuce),₱91.00,Kitchen,"₱31,626.46"
Feb 02,Cost of Goods Sold,Kitchen,Staff Meal,Expense,Cocomama,₱115.00,Kitchen,"₱31,511.46"
Feb 03,Sales,Sales,Sales,Income,SALES,"₱6,716.10",Store,"₱38,227.56"
Feb 03,Operating Expense,Utilities - Electricity,,Expense,Meralco Payment January Bill,"₱31,021.60",Store,"₱7,205.96"
Feb 03,Cost of Goods Sold,Bar,Supplies,Expense,Ice,₱220.00,Bar,"₱6,985.96"
Feb 04,Sales,Sales,Sales,Income,SALES,"₱1,481.92",Store,"₱8,467.88"
Feb 04,Cost of Goods Sold,Kitchen,Supplies,Expense,Purchase Order (Kitchen),"₱2,445.00",Kitchen,"₱6,022.88"
Feb 04,Delivery & Logistics,Parking Fee,,Expense,Purchase Order Gas/Parking,"₱1,050.00",Store,"₱4,972.88"
Feb 05,Sales,Sales,Sales,Income,SALES,"₱9,336.80",Store,"₱14,309.68"
Feb 05,Office Expense,Office Supplies,,Expense,Tripple A Battery,₱15.00,Store,"₱14,294.68"
Feb 05,Cost of Goods Sold,Kitchen,Supplies,Expense,Truffle Sauce,₱657.00,Kitchen,"₱13,637.68"
Feb 05,Cost of Goods Sold,Bakery,Supplies,Expense,SnR (Milk),₱972.00,Bakery,"₱12,665.68"
Feb 06,Sales,Sales,Sales,Income,SALES,"₱2,038.85",Store,"₱14,704.53"
Feb 06,Cost of Goods Sold,Bar,Supplies,Expense,Water,₱180.00,Bar,"₱14,524.53"
Feb 06,Cost of Goods Sold,Kitchen,Supplies,Expense,Truffle Sauce (balance),"₱1,000.00",Kitchen,"₱13,524.53"
Feb 06,Cost of Goods Sold,Bar,Delivery Fee,Expense,Delivery Fee (Cream Cheese),₱182.00,Bakery,"₱13,342.53"
Feb 06,Office Expense,Office Supplies,,Expense,"EXPENSE (Cable Tie, D/S Tape) Mr. DIY",₱726.00,Store,"₱12,616.53"
Feb 06,Payroll Expense,Employee Payroll,,Expense,EXPENSE Addtnl Cash Transfer to RCBC for Salary,"₱6,000.00",Store,"₱6,616.53"
Feb 07,Sales,Sales,Sales,Income,SALES,"₱2,511.48",Store,"₱9,128.01"
Feb 07,Office Expense,Office Supplies,,Expense,(D/S Tape) Mr. DIY,₱338.00,Store,"₱8,790.01"
Feb 07,Cost of Goods Sold,Kitchen,Staff Meal,Expense,Staff Meal (Dinuguan) c/o Donel,₱500.00,Kitchen,"₱8,290.01"
Feb 07,Cost of Goods Sold,Bar,Supplies,Expense,Ice,₱220.00,Bar,"₱8,070.01"
Feb 07,Operating Expense,Utilities,Gas,Expense,Butane,₱59.00,Kitchen,"₱8,011.01"
Feb 08,Sales,Sales,Sales,Income,SALES,"₱3,372.13",Store,"₱11,383.14"
Feb 08,Office Expense,Office Supplies,,Expense,EXPENSE (Elec. Tape),₱40.00,Store,"₱11,343.14"
Feb 08,Operating Expense,Repairs & Maintenance,Small Equipment,Expense,EXPENSE (LED Light for Standing Chiller+Parking) MR. DIY,₱209.00,Store,"₱11,134.14"
Feb 08,Cost of Goods Sold,Bakery,Supplies,Expense,EXPENSE (Rice Flour),₱74.00,Bakery,"₱11,060.14"
Feb 08,Cost of Goods Sold,Bakery,Supplies,Expense,EXPENSE (Apple Juice),₱107.95,Bakery,"₱10,952.19"
Feb 08,Cost of Goods Sold,Kitchen,Supplies,Expense,EXPENSE (Egg 2trays+Parking),₱520.00,Kitchen,"₱10,432.19"
Feb 08,Operating Expense,Repairs & Maintenance,Equipment Repairs,Expense,EXPENSE (Chiller Technician Labor),"₱5,800.00",Store,"₱4,632.19"
Feb 09,Sales,Sales,Sales,Income,SALES,"₱5,276.45",Store,"₱9,908.64"
Feb 09,Cost of Goods Sold,Kitchen,Staff Meal,Expense,Staff Meal Sotanghon,₱46.50,Kitchen,"₱9,862.14"
Feb 10,Sales,Sales,Sales,Income,SALES,"₱4,524.75",Store,"₱14,386.89"
Feb 10,Cost of Goods Sold,Bar,Delivery Fee,Expense,Delivery Fee (Biscoff),₱105.00,Bar,"₱14,281.89"
Feb 10,Cost of Goods Sold,Bar,Supplies,Expense,Water,₱180.00,Bar,"₱14,101.89"
Feb 10,Cost of Goods Sold,Kitchen,Supplies,Expense,Purchase Order Kitchen,"₱4,539.95",Kitchen,"₱9,561.94"
Feb 10,Cost of Goods Sold,Bakery,Supplies,Expense,Purchase Order bakery,"₱3,444.00",Bakery,"₱6,117.94"
Feb 10,Cost of Goods Sold,Bar,Supplies,Expense,Purchase Order Bar,₱350.00,Bar,"₱5,767.94"
Feb 10,Delivery & Logistics,Parking Fee, ,Expense,Purchase Order Gas/Parking,"₱1,020.00",Store,"₱4,747.94"
Feb 11,Sales,Sales,Sales,Income,SALES,"₱3,593.55",Store,"₱8,341.49"
Feb 11,Cost of Goods Sold,Bar,Supplies,Expense,Ice,₱220.00,Bar,"₱8,121.49"
Feb 11,Cost of Goods Sold,Kitchen,Supplies,Expense,Purchase Order Kitchen,"₱3,730.00",Kitchen,"₱4,391.49"
Feb 11,Delivery & Logistics,Parking Fee, ,Expense,Purchase Order Gas/Parking,₱50.00,Store,"₱4,341.49"
Feb 12,Sales,Sales,Sales,Income,SALES,"₱3,133.19",Store,"₱7,474.68"
Feb 12,Sales,Sales,,Income,Down Payment for Feb 14,₱500.00,Store,"₱7,974.68"
Feb 12,Operating Expense,Bar Supplies,Small Equipment,Expense,Wine Glass,"₱1,910.00",Store,"₱6,064.68"
Feb 12,Operating Expense,Bar Supplies,Small Equipment,Expense,Wine Glass,₱460.00,Store,"₱5,604.68"
Feb 12,Cost of Goods Sold,Kitchen,Supplies,Expense,Purchase Order Kitchen,"₱1,776.00",Kitchen,"₱3,828.68"
Feb 12,Delivery & Logistics,Parking Fee,,Expense,Purchase Order Parking Expenses,₱20.00,Store,"₱3,808.68"
Feb 13,Sales,Sales,Sales,Income,SALES,"₱4,357.71",Store,"₱8,166.39"
Feb 13,Cost of Goods Sold,Kitchen,Delivery Fee,Expense,Deliveery Fee (Steak),₱350.00,Store,"₱7,816.39"
Feb 13,Cost of Goods Sold,Bar,Delivery Fee,Expense,Delivery Fee (Ice Cream),₱134.00,Store,"₱7,682.39"
Feb 13,Delivery & Logistics,Parking Fee,Delivery Fee,Expense,Delivery Fee (Instax Camera),₱100.00,Store,"₱7,582.39"
Feb 13,Delivery & Logistics,Parking Fee,,Expense,"Parking W.Mart,SM Trece & Red Celophane",₱142.00,Store,"₱7,440.39"
Feb 13,Payroll Expense,Service Charge Distribution,,Expense,SC Carol,"₱2,000.00",Store,"₱5,440.39"
Feb 14,Sales,Sales,Sales,Income,SALES,"₱10,648.24",Store,"₱16,088.63"
Feb 14,Operating Expenses,Marketing & Promotional,Event,Expense,Payment for DJ,"₱3,500.00",Store,"₱12,588.63"
Feb 14,Operating Expense,Kitchen Supplies,Small Equipment,Expense,Lighter,₱35.00,Kitchen,"₱12,553.63"
Feb 14,Office Expense,Office Supplies,Small Equipment,Expense,Battery,₱15.00,Store,"₱12,538.63"
Feb 14,Cost of Goods Sold,Kitchen,Delivery Fee,Expense,Delivery Fee (Parmesan Cheese),₱168.00,Kitchen,"₱12,370.63"
Feb 14,Cost of Goods Sold,Bar,Supplies,Expense,Water,₱180.00,Bar,"₱12,190.63"
Feb 14,Cost of Goods Sold,Bar,Supplies,Expense,Parcel  ,₱88.00,Bar,"₱12,102.63"
Feb 14,Office Expense,Office Supplies,,Expense,Tape,₱48.00,Store,"₱12,054.63"
Feb 14,Cost of Goods Sold,Bar,Supplies,Expense,Purchase Order Bar,₱500.00,Store,"₱11,554.63"
Feb 14,Delivery & Logistics,Parking Fee,,Expense,"Parking, Gas",₱250.00,Store,"₱11,304.63"
Feb 15,Sales,Sales,Sales,Income,SALES,"₱4,469.09",Store,"₱15,773.72"
Feb 15,Cost of Goods Sold,Kitchen,Staff Meal,Expense,Staff Meal (Bagoong),₱79.00,Kitchen,"₱15,694.72"
Feb 16,Sales,Sales,Sales,Income,SALES,"₱1,005.23",Store,"₱16,699.95"
Feb 16,Cost of Goods Sold,Bar,Supplies,Expense,Water,₱150.00,Bar,"₱16,549.95"
Feb 16,Cost of Goods Sold,Kitchen,Delivery Fee,Expense,Delivery Fee (Meat),₱174.00,Kitchen,"₱16,375.95"
Feb 16,Cost of Goods Sold,Bar,Supplies,Expense,Sprite,₱608.00,Bar,"₱15,767.95"
Feb 17,Sales,Sales,Sales,Income,SALES,"₱2,352.50",Store,"₱18,120.45"
Feb 17,Cost of Goods Sold,Kitchen,Supplies,Expense,Purchase Order Kitchen,"₱6,427.00",Kitchen,"₱11,693.45"
Feb 17,Cost of Goods Sold,Bakery,Supplies,Expense,Purchase Order bakery,"₱2,450.50",Bakery,"₱9,242.95"
Feb 17,Delivery & Logistics,Parking Fee,,Expense,Purchase Order Gas/Parking,"₱1,050.00",Store,"₱8,192.95"
Feb 17,Operating Expense,Repairs & Maintenance,Equipment Repairs,Expense,Chiller Technician Labor Payment,"₱1,000.00",Store,"₱7,192.95"
Feb 18,Sales,Sales,Sales,Income,SALES,"₱5,234.54",Store,"₱12,427.49"
Feb 18,Cost of Goods Sold,Bar,Delivery Fee,Expense,Delivery Fee (Bar Ingredients),₱105.00,Bar,"₱12,322.49"
Feb 18,Cost of Goods Sold,Kitchen,Supplies,Expense,Purchase Order Kitchen,"₱2,362.50",Kitchen,"₱9,959.99"
Feb 18,Cost of Goods Sold,Bakery,Supplies,Expense,Purchase Order bakery,"₱4,669.00",Bakery,"₱5,290.99"
Feb 19,Sales,Sales,Sales,Income,SALES,"₱9,118.33",Store,"₱14,409.32"
Feb 19,Operating Expense,Bar,Small Equipment,Expense,Matcha Wisk,₱155.00,Bar,"₱14,254.32"
Feb 19,Cleaning & Sanitation,Cleaning & Janitorial,Cleaning Supplies,Expense,Doormat,₱85.00,Store,"₱14,169.32"
Feb 19,Operating Expense,Uniform,,Expense,Parcel (Chef's Hat),₱431.00,Store,"₱13,738.32"
Feb 19,Cost of Goods Sold,Kitchen,Delivery Fee,Expense,Delivery Fee (Frozen Goods sa Juana),₱133.00,Store,"₱13,605.32"
Feb 19,Payroll Expense,Employee Payroll,,Expense,Addtnl Salary,"₱8,450.00",Store,
Feb 20,Sales,Sales,Sales,Income,SALES,"₱2,011.00",Store,
Feb 20,Payroll Expense,Employee Payroll,,Expense,Addtnl Salary,"₱2,011.00",Store,
Feb 21,Sales,Sales,Sales,Income,SALES,"₱9,634.29",Store,
Feb 21,Payroll Expense,Employee Payroll,,Expense,Sent to Carol (Salary),"₱6,539.00",Store,
Feb 21,Cost of Goods Sold,Bar,Supplies,Expense,Ice,₱96.00,Bar,
Feb 22,Sales,Sales,Sales,Income,SALES,"₱14,391.61",Store,
Feb 22,Uncategorized,,,Expense,Cash Transfer to Gcash,"₱1,000.00",Store,
Feb 22,Cost of Goods Sold,Kitchen,Supplies,Expense,Cucumber,₱58.00,Kitchen,
Feb 22,Cost of Goods Sold,Bar,Supplies,Expense,Water,₱270.00,Bar,
Feb 23,Sales,Sales,Sales,Income,SALES,"₱1,287.05",Store,
Feb 23,Payroll Expense,Service Charge Distribution,,Expense,"SC for Admins CJ, Carol, Dylan","₱4,709.00",Store,
Feb 24,Sales,Sales,Sales,Income,SALES,"₱4,781.92",Store,
Feb 24,Cleaning & Sanitation,Cleaning & Janitorial,Cleaning Supplies,Expense,Dishwashing Liquid,₱95.00,Bar,
Feb 24,Cost of Goods Sold,Bakery,Delivery Fee,Expense,Delivery Fee (Kataifi),₱130.00,Bakery,
Feb 24,Cost of Goods Sold,Kitchen,Supplies,Expense,Purchase Order Kitchen,"₱6,111.50",Kitchen,
Feb 24,Cost of Goods Sold,Bakery,Supplies,Expense,Purchase Order bakery,"₱2,366.00",Bakery,
Feb 24,Delivery & Logistics,Parking Fee,,Expense,Purchase Order Gas/Parking,"₱1,050.00",Store,
Feb 25,Sales,Sales,Sales,Income,SALES,"₱8,751.68",Store,
Feb 25,Cost of Goods Sold,Bakery,Packaging & Disposables,Expense,Plastic Bag,₱70.00,Bar,
Feb 25,Cost of Goods Sold,Bar,Delivery Fee,Expense,Delivery Fee for Bar Items,₱105.00,Bar,
Feb 25,Cost of Goods Sold,Kitchen,Supplies,Expense,Purchase Order Kitchen,"₱4,244.29",Kitchen,
Feb 25,Cost of Goods Sold,Bakery,Supplies,Expense,Purchase Order Bakery,"₱1,290.00",Bakery,
Feb 25,Cost of Goods Sold,Bar,Supplies,Expense,Purchase Order Bar,"₱1,436.00",Bar,
Feb 25,Delivery & Logistics,Parking Fee,,Expense,Purchase Order Gas/Parking,₱50.00,Store,
Feb 26,Sales,Sales,Sales,Income,SALES,"₱4,588.53",Store,
Feb 26,Cost of Goods Sold,Bakery,Supplies,Expense,Parcel (kataifi),₱130.00,Bakery,
Feb 26,Cost of Goods Sold,Bar,Supplies,Expense,Water,₱240.00,Bar,
Feb 26,Cost of Goods Sold,Kitchen,Supplies,Expense,Kesong Puti,₱428.00,Kitchen,
Feb 26,Cost of Goods Sold,Bakery,Packaging & Disposables,Expense,Dubai Choco Box,₱132.00,Bakery,
Feb 27,Sales,Sales,Sales,Income,SALES,"₱6,357.51",Store,
Feb 27,Cleaning & Sanitation,Cleaning & Janitorial,Cleaning Supplies,Expense,Dishwashing Liquid,₱528.00,Bar,
Feb 27,Delivery & Logistics,Delivery Fee,,Expense,Delivery Fee (Dishwashing Liquid),₱95.00,Bar,
Feb 27,Delivery & Logistics,,,Expense,"World Trade Event Expenses (Gas,Toll Fee,Parking)","₱1,420.00",Store,
Feb 28,Sales,Sales,Sales,Income,SALES,"₱3,645.45",Store,
Feb 28,Cost of Goods Sold,Bar,Supplies,Expense,Ice,₱220.00,Bar,
Mar 01,Sales,Sales,Sales,Income,SALES,"₱11,875.41",Store,
Mar 01,Cost of Goods Sold,Kitchen,Supplies,Expense,Cooked Rice,₱75.00,Kitchen,
Mar 01,Cost of Goods Sold,Bakery,Delivery Fee,Expense,Pastachio via Lalamove,₱330.00,Bakery,
Mar 01,Cost of Goods Sold,Bakery,Supplies,Expense,Baking Goods & Supplies,"₱1,000.00",Bakery,
Mar 01,Cost of Goods Sold,Bakery,Supplies,Expense,Baking Goods & Supplies,"₱1,107.00",Bakery,
Mar 01,Cost of Goods Sold,Kitchen,Staff Meal,Expense,"Liver Spread, Tomato Paiste",₱75.00,Kitchen,
Mar 01,Cost of Goods Sold,Kitchen,Supplies,Expense,Boneless Bangus & Broccoli,"₱1,864.25",Kitchen,
Mar 01,Office Expense,Meal,,Expense,Admin Dinner (Hongkong Cheff),"₱3,085.00",Store,
Mar 02,Sales,Sales,Sales,Income,SALES,"₱2,734.11",Store,
Mar 02,Cost of Goods Sold,Bar,Supplies,Expense,Water,₱300.00,Bar,
Mar 02,Cost of Goods Sold,Kitchen,Staff Meal,Expense,Sotanghon (Staff MEal),₱80.75,Kitchen,
Mar 03,Sales,Sales,Sales,Income,SALES,"₱6,442.59",Store,
Mar 03,Cost of Goods Sold,Bar,Supplies,Expense,Ice,₱220.00,Bar,
Mar 03,Cost of Goods Sold,Kitchen,Supplies,Expense,Purchase Order Kitchen,"₱3,764.00",Kitchen,
Mar 03,Cost of Goods Sold,Bakery,Supplies,Expense,Purchase Order Bakery,"₱2,817.50",Bakery,
Mar 03,Cost of Goods Sold,Bar,Supplies,Expense,Purchase Order Bar,"₱1,412.00",Bar,
Mar 03,Delivery & Logistics,Parking Fee,,Expense,Purchase Order Gas/Parking,"₱1,020.00",Store,
Mar 04,Sales,Sales,Sales,Income,SALES,"₱6,218.70",Store,
Mar 04,Cost of Goods Sold,Bakery,Supplies,Expense,White Chocolate,₱433.00,Bakery,
Mar 04,Office Expense,Office Supplies,,Expense,Illustration Board,₱20.00,Store,
Mar 04,Cost of Goods Sold,Bakery,Delivery Fee,Expense,Delivery Fee (Marshmallow),₱127.00,Bakery,
Mar 04,Cost of Goods Sold,Kitchen,Supplies,Expense,Purchase Order Kitchen,"₱7,536.10",Kitchen,
Mar 04,Cost of Goods Sold,Bakery,Supplies,Expense,Purchase Order Bakery,"₱1,462.00",Bakery,
Mar 04,Delivery & Logistics,Parking Fee, ,Expense,Purchase Order Gas/Parking,₱60.00,Store,
,,,,,,₱0.00,,
,,,,,,₱0.00,,
,,,,,,₱0.00,,
,,,,,,₱0.00,,
,,,,,,₱0.00,,
,,,,,,₱0.00,,
,,,,,,₱0.00,,